timestamp,biogas_m3_h,cover_d1_m,cover_d2_m,hsw_d1_m3_h,hsw_d2_m3_h,hsw_tank_m,hsw_d2_previous_day_m3,ps_on_fraction,twas_m3_h,temperature_d1_c,temperature_d2_c,influent_m3_h,aeration_m3_h,ras_m3_h,was1_m3_h,was2_m3_h
2023-01-14 11:00:00,163.93709684733835,1.7856708000000001,1.2337796000000001,0.61793141666666662,0.53620427083333333,1.8467324000000001,36.825703300000001,0.033333333333333333,0.036567124999999999,35.493333333333332,35.125925925925934,686.65760145833326,6607.1995691933325,681.95212652777775,11.82940625,11.671680833333335
2023-01-14 12:00:00,163.32067188943202,1.7862804000000001,1.2258548,0.64128743750000006,0.64257447916666666,1.8424144000000002,36.825703300000001,0.033333333333333333,2.5573139375,35.474444444444444,35.181574074074071,654.74449215277775,6050.8114555816665,682.50416548611111,11.671680833333335,11.82940625
2023-01-14 13:00:00,154.58733914316386,1.7573752,1.2112244000000001,0.64177954166666662,0.64556495833333327,1.8134584000000002,36.825703300000001,0.033333333333333333,2.5403552708333335,35.537592592592596,35.146388888888886,620.83352756944441,4607.6743437599998,681.66296326388886,11.776831111111111,11.724255972222222
2023-01-14 14:00:00,151.65876213121177,1.7518888000000001,1.2035536000000002,0.63916760416666663,0.64302872916666665,1.8122392000000001,36.825703300000001,0.033333333333333333,2.4360670416666661,35.512222222222221,35.182314814814816,657.13666097222222,4265.4954287699993,682.74075361111113,11.908268958333332,12.065994374999999
2023-01-14 15:00:00,151.53189394504031,1.7495012000000001,1.1939016000000002,0.64548925000000001,0.64090889583333333,1.8015712000000002,36.825703300000001,0.033333333333333333,2.3893550000000001,35.581944444444446,35.175555555555562,612.89468159722219,5151.4473081216665,682.24128979166665,11.855693819444445,11.960844097222223
2023-01-14 16:00:00,86.765903654733336,1.7591532000000003,1.2293092000000003,0.64287731250000002,0.64283945833333334,1.7826736000000003,36.825703300000001,0.033333333333333333,0.73792912499999996,35.578796296296304,35.182037037037034,626.82709340277779,7066.5960157666668,682.13613951388891,12.013419236111112,12.250007361111113
2023-01-14 17:00:00,182.04306939291757,1.8252948000000002,1.3199872000000001,0.64056820833333328,0.64007610416666672,1.7646903999999999,36.825703300000001,0.033333333333333333,2.0100941041666665,35.551944444444445,35.162870370370371,576.64412333333337,6710.7627237433326,682.13613951388891,11.776831111111111,11.934556527777778
2023-01-14 18:00:00,178.06727019909971,1.7757647999999999,1.2253468000000001,0.64628418749999994,0.63988683333333329,1.7524984000000003,36.825703300000001,0.033333333333333333,2.5306267499999997,35.613518518518525,35.163888888888891,596.33351284722221,6702.1552559149986,681.37379999999985,11.82940625,11.987131666666668
2023-01-14 19:00:00,93.519355575064978,1.7637252000000001,1.2394692000000003,0.62387452083333339,0.5813264374999999,1.7264888,36.825703300000001,0.033333333333333333,2.3468069166666665,35.603703703703701,35.162129629629639,612.29006749999996,6557.9432871149993,682.13613951388891,11.881981388888889,12.065994374999999
2023-01-14 20:00:00,180.60598571519998,1.8300192000000002,1.3095224000000001,0.64174168749999994,0.64204452083333341,1.7151096000000001,36.825703300000001,0.033333333333333333,2.6039502708333333,35.645370370370372,35.201759259259262,528.1172701388889,6581.5869934433331,681.42637513888883,11.960844097222223,11.724255972222222
2023-01-14 21:00:00,169.16642118496662,1.7646903999999999,1.2305284000000001,0.64401293749999999,0.64427791666666656,1.7002760000000001,36.825703300000001,0.033333333333333333,0.23094827083333336,35.720462962962969,35.153796296296292,537.5807951388889,6578.8547021950008,681.32122486111109,11.82940625,11.566530555555556
2023-01-14 22:00:00,151.88262753508727,1.7475200000000002,1.1936476,0.64552710416666659,0.64564066666666664,1.6802607999999999,36.825703300000001,0.033333333333333333,2.2896092708333335,35.641388888888898,35.203425925925927,544.70472645833331,6257.6933904099997,680.69032319444443,12.013419236111112,11.803118680555555
2023-01-14 23:00:00,88.563468002189865,1.7909032,1.3192252,0.64310443750000001,0.64779835416666665,1.6627855999999999,36.825703300000001,0.033333333333333333,2.7941296041666663,35.750740740740738,35.16657407407407,477.01423513888886,6500.3884738599991,680.29600965277768,11.750543541666667,12.092281944444446
2023-01-15 00:00:00,180.34609977531252,1.8035524000000003,1.2779756000000002,0.64359654166666669,0.6448457291666666,1.6515080000000002,15.512259165833333,0.033333333333333333,2.5255164374999994,35.607870370370371,35.245185185185186,448.62366013888885,6211.4095263266663,680.24343451388881,11.750543541666667,11.82940625
2023-01-15 01:00:00,158.09224524808971,1.7543272000000001,1.2133072,0.64344512499999995,0.64321799999999996,1.6293592000000003,15.151014349999999,0.033333333333333333,0.56947808333333338,35.537314814814813,35.307407407407403,453.90746159722221,6136.0530526283328,679.40223229166668,11.82940625,12.11856951388889
2023-01-15 02:00:00,103.38660404573308,1.8020284000000002,1.3105892000000001,0.6407574791666667,0.64181739583333342,1.6139667999999998,15.151014349999999,0.033333333333333333,2.1292211666666665,35.448425925925932,35.350462962962972,424.57053409722221,6182.5447622683332,680.13828423611119,11.803118680555555,11.82940625
2023-01-15 03:00:00,162.05179586853572,1.7696180000000004,1.2473940000000001,0.44520285416666666,0.64011395833333329,1.5986252000000001,15.151014349999999,0.033333333333333333,2.4045723749999999,35.332314814814822,35.379537037037039,392.02652312499998,5549.7275333116659,678.90276847222219,11.776831111111111,11.803118680555555
2023-01-15 04:00:00,85.655354152592835,1.7520411999999999,1.227328,0.64518641666666665,0.6390161875,1.5812515999999999,15.151014349999999,0.050000000000000003,2.5568596874999998,35.372129629629626,35.425000000000004,345.62896305555552,4078.245554491667,679.13935659722233,11.776831111111111,11.697968402777779
2023-01-15 05:00:00,161.15190832088362,1.8070576000000003,1.3278104000000002,0.63867549999999995,0.64321799999999996,1.5612872,15.151014349999999,0.033333333333333333,0.036415708333333338,35.453796296296296,35.368518518518528,378.90902597222214,4036.3867619533335,678.48216736111112,11.934556527777778,11.566530555555556
2023-01-15 06:00:00,148.93185449112488,1.7577308,1.2195048000000002,0.64371010416666674,0.63947043749999999,1.5510763999999999,15.151014349999999,0.050000000000000003,2.3725477499999998,35.409722222222221,35.420740740740733,324.41489451388884,3923.8706742083332,677.79869055555537,11.908268958333332,11.960844097222223
2023-01-15 07:00:00,81.837671989371259,1.7868900000000001,1.3136880000000002,0.64041679166666676,0.64018966666666666,1.5350236000000004,15.151014349999999,0.033333333333333333,2.6866616250000002,35.494166666666665,35.396944444444443,482.58719986111112,3826.4593516999998,680.08570909722221,11.724255972222222,11.724255972222222
2023-01-15 08:00:00,168.33110659710644,1.7897348,1.2680187999999999,0.64212022916666656,0.63693420833333325,1.5197328000000003,15.151014349999999,0.050000000000000003,0.096944520833333339,35.509351851851861,35.408611111111114,442.86668243055556,3700.3945087099996,679.13935659722222,11.934556527777778,12.197432222222222
2023-01-15 09:00:00,102.28649451221187,1.7540732000000003,1.2409424,0.64227164583333318,0.64363439583333326,1.4970759999999999,15.151014349999999,0.033333333333333333,2.4761546041666667,35.575925925925922,35.349814814814813,514.13228319444443,3655.3546031149995,680.61146048611101,11.592818124999999,12.092281944444446
2023-01-15 10:00:00,158.12557027067152,1.8195544000000001,1.2957048000000002,0.62145185416666671,0.63708562499999999,1.4861540000000002,15.151014349999999,0.033333333333333333,2.6469904583333332,35.541388888888896,35.394351851851852,549.93595277777774,3616.9844444433334,680.32229722222223,11.987131666666668,11.435092708333334
2023-01-15 11:00:00,146.03798099501887,1.768348,1.2125452000000001,0.53556074999999992,0.63984897916666661,1.4738096000000003,15.151014349999999,0.016666666666666666,0.036567124999999999,35.617314814814812,35.44675925925926,628.71979840277777,3395.1679285466666,681.71553840277761,12.013419236111112,11.724255972222222
2023-01-15 12:00:00,80.059604532117447,1.7463008,1.2247880000000002,0.64083318749999996,0.64223379166666661,1.4524228000000001,15.151014349999999,0.033333333333333333,2.5137059374999997,35.63287037037037,35.434814814814821,580.66612145833335,3645.7113055233331,681.45266270833326,11.513955416666665,11.671680833333335
2023-01-15 13:00:00,143.37309075998917,1.8181320000000001,1.3270992000000001,0.63844837499999996,0.64200666666666661,1.4390623999999999,15.151014349999999,0.033333333333333333,2.3974179375000002,35.663425925925921,35.441944444444445,656.92636041666663,3671.9114555649994,682.03098923611105,11.82940625,11.82940625
2023-01-15 14:00:00,117.66141414626181,1.7538192000000001,1.2099544000000002,0.64291516666666659,0.63852408333333333,1.4229080000000003,15.151014349999999,0.033333333333333333,2.3250786250000002,35.677777777777777,35.485370370370369,616.99554243055559,3845.2996735899997,681.95212652777775,11.645393263888892,11.960844097222223
2023-01-15 15:00:00,79.983759572401141,1.8225515999999999,1.383284,0.6424609166666666,0.64068177083333333,1.4074648000000001,15.151014349999999,0.033333333333333333,0.23038045833333332,35.749166666666667,35.42351851851852,593.28415479166665,4175.7256869049997,681.61038812499999,11.645393263888892,11.960844097222223
2023-01-15 16:00:00,162.65958144724158,1.7940528000000002,1.2566904000000001,0.63666922916666668,0.64268804166666671,1.3934440000000001,15.151014349999999,0.050000000000000003,2.3735698125,35.625740740740746,35.522592592592588,566.8388599305556,4675.8035120866662,681.79440111111103,11.881981388888889,11.566530555555556
2023-01-15 17:00:00,59.287426619084378,1.7753076000000003,1.2876276,0.55399572916666662,0.64196881250000004,1.376172,15.151014349999999,0.033333333333333333,2.4769116874999999,35.593796296296297,35.562037037037044,571.91236083333331,5027.0755285966661,680.42744749999986,11.881981388888889,11.82940625
2023-01-15 18:00:00,164.14997109670799,1.7943576000000003,1.2765531999999999,0.62073262499999993,0.64098460416666669,1.3612368000000001,15.151014349999999,0.033333333333333333,1.8578824999999999,35.487685185185185,35.634074074074078,550.88230527777773,5266.1386950033329,680.92691131944434,11.855693819444445,12.250007361111113
2023-01-15 19:00:00,77.749594842550806,1.7511776000000003,1.2355068000000002,0.63610141666666664,0.64113602083333332,1.3467080000000002,15.151014349999999,0.033333333333333333,0.58639889583333338,35.444351851851849,35.65814814814815,539.21062444444442,6371.9724841983325,680.13828423611119,11.803118680555555,11.82940625
2023-01-15 20:00:00,141.69271408084376,1.8296128000000003,1.3266928000000002,0.63867549999999995,0.64329370833333333,1.3332459999999999,15.151014349999999,0.033333333333333333,2.4521172083333331,35.518055555555549,35.660648148148155,568.52126437499999,7180.9778996599989,681.26864972222222,11.881981388888889,11.934556527777778
2023-01-15 21:00:00,119.28420114164267,1.7494504,1.2230100000000002,0.55236799999999997,0.63958400000000004,1.3136371999999998,15.151014349999999,0.033333333333333333,2.6844282291666666,35.548796296296302,35.648796296296297,503.5909678472222,7208.3905765049994,680.29600965277768,11.750543541666667,11.724255972222222
2023-01-15 22:00:00,107.80010991058722,1.8119343999999999,1.3029692000000002,0.64113602083333332,0.66271289583333326,1.2999212,15.151014349999999,0.033333333333333333,0.86750393749999999,35.585833333333326,35.698611111111106,547.88552236111104,7182.2224244849995,680.76918590277762,11.803118680555555,11.566530555555556
2023-01-15 23:00:00,125.03149950967709,1.7554956000000002,1.2410947999999999,0.6383726666666667,0.64174168749999994,1.2829032,15.151014349999999,0.033333333333333333,1.4839211875,35.666296296296295,35.640555555555558,482.71863770833329,7350.5286204316653,680.11199666666653,11.934556527777778,11.566530555555556
2023-01-16 00:00:00,108.23007372370199,1.811528,1.3023088,0.61846137499999998,0.66294002083333325,1.2659868000000001,15.414935460833334,0.033333333333333333,2.521352479166667,35.625370370370369,35.681574074074078,430.14349881944446,8502.301657848333,678.71875548611115,12.039706805555555,11.960844097222223
2023-01-16 01:00:00,99.923457628166759,1.7502632000000002,1.2326112000000002,0.50921424999999998,0.63742631249999993,1.2510007999999999,15.419408700000002,0.033333333333333333,0.87068368750000003,35.701666666666661,35.680185185185188,401.70034868055552,7566.4691102433335,678.06156625000006,11.960844097222223,11.697968402777779
2023-01-16 02:00:00,118.91258838927561,1.8186907999999999,1.3096240000000001,0.64234735416666666,0.64113602083333332,1.2354559999999999,15.419408700000002,0.033333333333333333,2.619811166666667,35.637870370370372,35.695185185185188,346.4964528472222,6221.674378409999,677.85126569444446,11.934556527777778,12.197432222222222
2023-01-16 03:00:00,110.87221858629947,1.7507712,1.2307316000000001,0.63761558333333335,0.63973541666666667,1.2183363999999999,15.419408700000002,0.033333333333333333,2.4726720208333335,35.746574074074076,35.688148148148144,433.66603312499996,7126.2927142949993,678.74504305555547,12.039706805555555,11.960844097222223
2023-01-16 04:00:00,110.97592352462149,1.8131028000000002,1.3186664000000001,0.63829695833333333,0.63640425,1.2047728,15.419408700000002,0.050000000000000003,0.038535541666666673,35.70092592592593,35.721296296296295,576.11837194444445,6907.5533886766661,679.16564416666665,11.934556527777778,11.987131666666668
2023-01-16 05:00:00,124.25398379536652,1.7529555999999999,1.2265152000000001,0.64230950000000009,0.6383726666666667,1.1961876,15.419408700000002,0.033333333333333333,2.5013276250000001,35.561944444444443,35.65768518518518,822.64319819444438,6695.4498297816663,682.84590388888887,11.750543541666667,12.065994374999999
2023-01-16 06:00:00,93.193580514069339,1.8080736000000002,1.3075920000000001,0.61846137499999998,0.49263412499999987,1.1817096,15.419408700000002,0.050000000000000003,2.611104708333333,35.472407407407403,35.533611111111114,893.77736111111108,7660.3176087816655,683.84483152777773,11.750543541666667,11.724255972222222
2023-01-16 07:00:00,124.90449527080582,1.7546828000000001,1.2348464000000003,0.64094675000000001,0.63697206249999994,1.1700256,15.419408700000002,0.033333333333333333,0.03861125,35.415555555555557,35.433055555555555,821.53912027777778,9774.2267002866647,682.24128979166665,11.803118680555555,11.303654861111113
2023-01-16 08:00:00,92.421665841075267,1.8105628000000002,1.3164312,0.64166597916666668,0.63818339583333328,1.1651996000000002,15.419408700000002,0.083333333333333329,2.6693244166666665,35.30638888888889,35.469444444444449,883.65664687499998,8598.2580614599992,683.55566826388872,11.934556527777778,12.092281944444446
2023-01-16 09:00:00,143.52222087863461,1.7861280000000002,1.2417552000000001,0.64333156250000001,0.64234735416666666,1.2413488000000001,15.419408700000002,0.033333333333333333,2.6605801041666668,35.350462962962972,35.477129629629623,917.27844819444442,8629.540233579999,682.92476659722229,11.881981388888889,12.197432222222222
2023-01-16 10:00:00,129.49443837500047,1.7582895999999999,1.2273788000000001,0.63795627083333328,0.64200666666666661,1.7128236000000001,15.419408700000002,0.033333333333333333,1.6823527291666667,35.399537037037035,35.444259259259255,922.16793611111109,8806.7328181633329,683.47680555555553,11.881981388888889,11.82940625
2023-01-16 11:00:00,129.580858129294,1.7547844000000001,1.2127484000000002,2.5455412916666664,2.0566925833333332,1.9086576,15.419408700000002,0.033333333333333333,2.6373376458333331,35.387500000000003,35.422314814814811,898.40397333333328,7748.8096951266671,682.50416548611111,11.908268958333332,11.82940625
2023-01-16 12:00:00,165.49046570474022,1.8242788000000003,1.3085571999999999,2.6981314374999998,2.6969958125,2.1429472000000001,15.419408700000002,0.033333333333333333,2.6919990624999999,35.353518518518527,35.363148148148149,878.05739458333323,5662.6935755383338,683.6082434027777,11.934556527777778,11.855693819444445
2023-01-16 13:00:00,205.09220888797753,1.8303240000000001,1.2606528000000001,4.402439583333333,4.4002818958333334,2.3032720000000002,15.419408700000002,0.033333333333333333,2.6526685833333334,35.377129629629628,35.355092592592598,903.53004937499986,6515.8041579266664,683.84483152777773,11.881981388888889,11.303654861111113
2023-01-16 14:00:00,187.12997077334595,1.8288508000000001,1.2545060000000001,3.9846431458333336,3.299520583333333,2.2900132000000002,15.419408700000002,0.033333333333333333,2.3199683124999999,35.391203703703702,35.25555555555556,890.85944090277769,7507.4285127433341,682.81961631944444,11.881981388888889,11.803118680555555
2023-01-16 15:00:00,205.18436747471443,1.8884900000000002,1.3007848000000002,2.8324758750000001,2.8312266874999996,2.2128480000000001,15.419408700000002,0.033333333333333333,0.22496731250000002,35.34842592592593,35.291759259259258,835.47153208333327,7172.7170298716674,682.24128979166665,11.82940625,12.223719791666666
2023-01-16 16:00:00,212.34738636861499,1.8833592000000001,1.3190219999999999,2.8314159583333334,2.4533663958333332,2.1436076000000002,15.419408700000002,0.050000000000000003,2.6115589583333332,35.44027777777778,35.198981481481482,731.1361689583332,7164.1446749166671,680.61146048611101,11.881981388888889,11.82940625
2023-01-16 17:00:00,205.42973836865698,1.8627344000000001,1.2976352,2.8303181874999996,2.830886,2.0833080000000002,15.419408700000002,0.033333333333333333,2.5669288958333332,35.399074074074079,35.210925925925928,703.37649562499996,7319.3846344583326,681.55781298611112,11.934556527777778,11.82940625
2023-01-16 18:00:00,208.21699961872835,1.8735548000000002,1.3178536000000001,2.8321730416666662,2.8337629166666667,2.0190459999999999,15.419408700000002,0.033333333333333333,2.6228395,35.450462962962959,35.146944444444443,727.24560868055551,6202.9747911816658,681.24236215277767,11.82940625,11.855693819444445
2023-01-16 19:00:00,222.37911670368987,1.9074892000000001,1.3384784000000003,2.8312645416666662,2.8324001666666665,1.9539204000000001,15.419408700000002,0.050000000000000003,2.5803292708333334,35.433518518518518,35.146203703703705,730.6892802777777,4331.8290266949998,681.89955138888888,11.82940625,11.697968402777779
2023-01-16 20:00:00,228.57221299483052,1.9217640000000002,1.3493496000000003,2.8302803333333331,2.8322866041666668,1.8846800000000001,15.419408700000002,0.050000000000000003,0.03861125,35.458796296296299,35.12222222222222,691.57337694444436,3727.3903617683327,681.45266270833326,11.855693819444445,11.960844097222223
2023-01-16 21:00:00,237.68766385587548,1.9418300000000002,1.3601700000000001,2.8336114999999995,2.8341036041666672,1.8131028000000002,15.419408700000002,0.066666666666666666,2.4505651875000001,35.450648148148147,35.097222222222221,709.92210041666669,3723.3804149999996,681.87326381944433,11.987131666666668,11.934556527777778
2023-01-16 22:00:00,243.1736929897524,1.9507200000000002,1.3687044000000002,2.8324758750000001,2.8309995624999997,1.7488408000000002,15.419408700000002,0.066666666666666666,2.4684323541666666,35.45425925925926,35.055370370370369,595.676323611111,3651.8611553866663,680.26972208333325,11.855693819444445,11.697968402777779
2023-01-16 23:00:00,248.94919946158765,1.9691604,1.3695172000000002,2.8320216249999999,2.8311509791666665,1.6855948000000003,15.419408700000002,0.066666666666666666,1.6559683749999998,35.436203703703697,35.071944444444441,583.26859083333329,3551.8248624283328,679.71768312500001,11.934556527777778,11.987131666666668
2023-01-17 00:00:00,253.60551072465722,1.9753580000000002,1.387856,2.8316430833333333,2.832097333333333,1.6212819999999999,44.069494967499999,0.066666666666666666,0.69337477083333321,35.488611111111112,34.985185185185188,540.13068937499997,3291.4311918083336,679.32336958333337,11.881981388888889,11.697968402777779
2023-01-17 01:00:00,255.10565002124622,1.9837908,1.3767815999999999,2.8300910624999998,2.2641334166666667,1.5584423999999999,44.555089649999999,0.066666666666666666,2.3239429999999999,35.395370370370365,35.024629629629629,498.57004208333331,3102.5253491166663,679.16564416666665,11.881981388888889,12.092281944444446
2023-01-17 02:00:00,255.31375191887832,1.9773392000000003,1.3796263999999998,2.8329301250000003,2.8313781041666668,1.4931136000000003,44.555089649999999,0.066666666666666666,2.5779444583333331,35.467870370370363,34.970277777777781,521.01962638888881,3144.4192545283331,679.4810950000001,12.092281944444446,12.065994374999999
2023-01-17 03:00:00,254.7370796646787,1.9804380000000001,1.3782548000000001,2.8315295208333335,2.8301667708333333,1.4251432000000002,44.555089649999999,0.050000000000000003,1.4713914583333334,35.462685185185194,34.964814814814815,488.68591597222223,3078.5701576216666,679.98055881944447,11.776831111111111,11.566530555555556
2023-01-17 04:00:00,256.83359449285319,1.9828763999999999,1.3861288000000003,2.831188833333333,2.8330436875,1.3569696,44.555089649999999,0.050000000000000003,1.0677903333333334,35.457314814814815,34.937685185185195,486.37260986111113,3023.2620019233327,679.37594472222213,11.750543541666667,12.092281944444446
2023-01-17 05:00:00,262.24260700222214,1.9893788000000001,1.3903452000000001,2.8315673750000001,2.8299396458333335,1.2899136000000002,44.555089649999999,0.050000000000000003,2.4684323541666666,35.465555555555554,34.933055555555555,508.34901791666664,3192.4318612866664,678.87648090277764,11.881981388888889,11.697968402777779
2023-01-17 06:00:00,266.75511686792152,1.9949667999999998,1.4007083999999999,2.8309995624999997,2.7549505416666666,1.2210796000000002,44.555089649999999,0.033333333333333333,2.4773280833333335,35.527777777777779,34.895185185185191,522.01855402777767,3198.3427170766663,679.4810950000001,11.776831111111111,11.82940625
2023-01-17 07:00:00,270.95367265906782,2.0135596000000002,1.3975079999999998,1.6748197499999999,1.6805357291666667,1.1686540000000001,44.555089649999999,0.033333333333333333,1.2546385,35.491481481481479,34.929629629629623,567.91665027777776,3288.2169480566663,680.97948645833333,11.881981388888889,12.092281944444446
2023-01-17 08:00:00,270.81899120191235,1.9997420000000001,1.3986763999999998,1.6760689374999997,1.6772424166666664,1.1294364000000001,44.555089649999999,0.050000000000000003,0.45549918750000001,35.560277777777777,34.893518518518519,647.48912298611106,3722.5869773300005,680.7428983333333,11.82940625,11.855693819444445
2023-01-17 09:00:00,270.86102680475801,1.999234,1.3894308,1.6716021458333332,1.2840890416666668,1.0908284000000001,44.555089649999999,0.033333333333333333,2.2814706249999999,35.543981481481488,34.934444444444452,640.65435493055554,4051.5252242216657,680.76918590277762,11.881981388888889,11.82940625
2023-01-17 10:00:00,271.05606322770791,1.9832828000000002,1.4092936,1.6744790625000001,1.6758418125000001,1.4013688000000002,44.555089649999999,0.20000000000000001,6.4334291874999998,35.604722222222222,34.884722222222223,712.49828222222231,5104.5039449899996,680.79547347222228,11.803118680555555,11.960844097222223
2023-01-17 11:00:00,269.59471202359708,1.9788124000000002,1.4002004000000001,2.0148637291666662,1.8659075833333334,1.3911071999999998,44.555089649999999,0,0.32365312499999999,35.655462962962964,34.792500000000004,625.90702847222224,6397.033164866667,680.76918590277774,11.934556527777778,11.934556527777778
2023-01-17 12:00:00,266.8000521683025,1.9852640000000001,1.3805407999999999,2.0121760833333333,2.0115704166666664,1.3720572000000004,44.555089649999999,0,2.4851260416666667,35.693425925925936,34.830740740740744,642.12645881944445,4758.7653208816664,679.53367013888885,11.960844097222223,11.566530555555556
2023-01-17 13:00:00,264.85771383267701,1.984248,1.3791692000000002,2.6929454166666664,2.1961473333333332,1.7216119999999999,44.555089649999999,0.033333333333333333,2.7359856041666664,35.698981481481482,34.837037037037035,674.59160708333332,4827.58910113,680.79547347222228,11.934556527777778,11.82940625
2023-01-17 14:00:00,262.20913976448958,1.9734276000000004,1.3776452000000001,2.0820548749999999,2.5587902499999999,1.9597623999999998,44.555089649999999,0.050000000000000003,2.7555562083333327,35.733240740740733,34.784259259259258,647.56798569444447,5377.6529331849997,680.42744749999986,11.776831111111111,12.065994374999999
2023-01-17 15:00:00,257.97186610094838,1.9668744000000002,1.3634212000000001,1.6771288541666667,1.6777345208333332,1.9150076000000003,44.555089649999999,0.033333333333333333,0.038459833333333332,35.721574074074077,34.819166666666675,620.83352756944441,7268.0173324549996,682.95105416666661,10.147001805555556,10.383589930555557
2023-01-17 16:00:00,241.63456133154457,1.9456907999999999,1.3589508000000001,1.2858681875,1.4520479791666667,1.9036792,44.555089649999999,0.033333333333333333,3.2318751875,35.737962962962968,34.814999999999998,621.33299138888879,6431.6006559899997,681.79440111111103,10.199576944444443,10.515027777777778
2023-01-17 17:00:00,237.31556533231026,1.9431,1.3558011999999999,1.6747818958333334,1.6775073958333333,1.8501867999999999,44.555089649999999,0.033333333333333333,2.5183241458333332,35.626481481481484,34.896666666666675,621.88503034722214,5249.5807098799996,684.02884451388877,10.094426666666667,9.8841261111111098
2023-01-17 18:00:00,234.2895706427029,1.9318732000000003,1.3628115999999999,1.6770152916666665,1.6758418124999999,1.8050256,44.555089649999999,0.033333333333333333,0.038459833333333332,35.573240740740736,34.891018518518521,614.78738659722217,5292.7205559583335,683.5293806944444,9.9892763888888876,9.962988819444444
2023-01-17 19:00:00,231.08880158077199,1.9322796000000002,1.3505180000000001,1.6762582083333333,1.6759175208333335,1.7922748000000002,44.555089649999999,0.033333333333333333,2.5363805833333335,35.432685185185179,34.978425925925933,655.66455708333331,5925.5400502616667,684.00255694444445,10.304727222222221,10.278439652777777
2023-01-17 20:00:00,230.0395733339648,1.9266407999999999,1.3534644,1.6765610416666665,1.6762582083333333,1.7167352,44.555089649999999,0.050000000000000003,2.5356234999999998,35.370462962962968,35.021666666666668,615.94403965277775,6059.2093788433331,683.5293806944444,10.094426666666667,10.88305375
2023-01-17 21:00:00,245.46330486910045,1.9186144000000003,1.341882,1.5633392291666666,1.7326230625000001,1.6781272,44.555089649999999,0.033333333333333333,0.03861125,35.321018518518521,35.029259259259263,604.64038479166663,5997.438472273333,683.63453097222225,10.094426666666667,10.252152083333334
2023-01-17 22:00:00,239.01820805071995,1.9037808000000001,1.3266420000000001,1.6748954583333335,1.7315252916666666,1.6398239999999999,44.555089649999999,0.033333333333333333,2.5528849999999998,35.362685185185185,35.030833333333334,572.22781166666664,5728.9914942533323,683.29279256944437,10.199576944444443,10.015563958333333
2023-01-17 23:00:00,238.79213010625818,1.9114008,1.3200888000000002,1.6762960624999999,1.6770910000000001,1.6002508000000002,44.555089649999999,0.033333333333333333,0.038308416666666671,35.395370370370365,35.077407407407406,511.68753923611109,5936.151500385,682.39901520833325,10.252152083333334,10.751615902777777
2023-01-18 00:00:00,239.40703284918069,1.905762,1.3280644000000001,1.6751225833333332,1.7316009999999999,1.5607284000000003,48.981230169166672,0.033333333333333333,2.5228287916666665,35.469629629629637,35.025925925925925,521.3087896527777,5956.720281781666,682.10985194444447,10.304727222222221,10.147001805555556
2023-01-18 01:00:00,239.74628502972297,1.9140932000000002,1.3226796000000001,1.6742140833333334,1.6764474791666668,1.5218156,49.056249500000007,0.033333333333333333,2.6925668749999998,35.47990740740741,35.056203703703702,474.85865444444443,5288.5738388849995,682.03098923611105,10.304727222222221,10.515027777777778
2023-01-18 02:00:00,240.19346119962375,1.9186144000000003,1.3283184000000001,1.4517072916666667,1.7331151666666669,1.4845792,49.056249500000007,0.050000000000000003,0.038535541666666673,35.530000000000001,35.059814814814821,436.32107763888888,5168.3838893066659,681.21607458333335,10.304727222222221,10.120714236111111
2023-01-18 03:00:00,240.58422582009857,1.928876,1.3298424,1.6755768333333334,1.6755389791666666,1.4463267999999998,49.056249500000007,0.033333333333333333,2.603155333333333,35.57694444444445,35.078148148148145,414.34466958333337,5098.3195485899996,681.50523784722225,10.199576944444443,9.8315509722222227
2023-01-18 04:00:00,242.61125561899613,1.9280632000000002,1.3405103999999999,1.6735705624999999,1.6735705624999999,1.4075663999999999,49.056249500000007,0.033333333333333333,1.8290754791666664,35.654351851851857,35.054999999999993,387.47877361111108,5070.7335727250002,680.53259777777771,10.199576944444443,10.120714236111111
2023-01-18 05:00:00,242.76826744774996,1.9446240000000001,1.3353288000000001,1.6765610416666668,1.6763339166666669,1.3688567999999999,49.056249500000007,0.033333333333333333,0.93878333333333341,35.649351851851854,35.105185185185178,459.95360256944446,3772.7091881716665,681.32122486111109,10.22586451388889,10.252152083333334
2023-01-18 06:00:00,245.18924370508992,1.9412712000000001,1.3413740000000003,1.6790594166666666,1.6743276458333332,1.3272516000000001,49.056249500000007,0.050000000000000003,2.5123431875,35.727499999999999,35.091018518518517,440.57966388888889,3533.1952177783332,681.32122486111109,10.252152083333334,10.147001805555556
2023-01-18 07:00:00,238.29855670300009,1.94818,1.3501623999999999,1.6770910000000001,1.6755011249999998,1.2877292000000002,49.056249500000007,0.066666666666666666,1.3344350833333332,35.704074074074072,35.108981481481479,595.41344791666666,3490.9184687799998,683.21392986111096,10.252152083333334,10.620178055555554
2023-01-18 08:00:00,246.14472106431495,1.9611848000000001,1.3623544000000001,1.6770531458333333,1.6751225833333332,1.2454635999999999,49.056249500000007,0.033333333333333333,0.038535541666666673,35.599629629629632,35.166388888888896,676.45802451388874,3893.2434704433331,684.37058291666654,10.278439652777777,10.4098775
2023-01-18 09:00:00,247.25734571152941,1.967484,1.3768324000000001,1.6774316874999999,1.67391125,1.4296644000000001,49.056249500000007,0.033333333333333333,2.2974072291666663,35.538888888888891,35.171574074074073,587.73747763888889,4671.4846286666661,683.34536770833324,10.331014791666666,9.9892763888888876
2023-01-18 10:00:00,257.44629035487492,1.9771868000000004,1.3748511999999999,1.3881122916666666,2.4565461458333333,1.8125948000000001,49.056249500000007,0.033333333333333333,6.5776157083333322,35.392222222222216,35.241666666666667,739.18016520833328,4833.1193786799995,685.34322298611107,10.304727222222221,10.252152083333334
2023-01-18 11:00:00,267.96598556208892,1.9783044000000001,1.3696696000000002,2.5931239791666667,2.3711849999999997,1.759204,49.056249500000007,0.033333333333333333,0.88014722916666666,35.374907407407406,35.183981481481482,660.7117704166667,4858.5266573883328,684.05513208333332,10.252152083333334,10.357302361111113
2023-01-18 12:00:00,266.68128423062882,1.9958811999999999,1.3602208,2.3547562916666669,2.3535449583333334,1.7313656000000002,49.056249500000007,0.050000000000000003,2.7766409791666664,35.364629629629633,35.22296296296296,635.73857944444444,5146.5017731800008,685.00148458333331,10.120714236111111,10.383589930555557
2023-01-18 13:00:00,266.47345736024045,1.9859244000000003,1.3580364,2.097234395833333,2.3622892708333332,1.7980152,49.056249500000007,0.033333333333333333,1.6570282916666665,35.423981481481484,35.224537037037038,668.88720451388883,6842.1531135783334,683.05620444444446,10.041851527777778,10.252152083333334
2023-01-18 14:00:00,264.52842219170537,1.9823684000000001,1.3605256000000001,2.5931996874999994,2.3289018958333334,2.1033232000000002,49.056249500000007,0.050000000000000003,0.93870762499999993,35.463611111111106,35.219166666666673,629.1141119444444,6849.7216367916662,683.87111909722205,10.094426666666667,10.120714236111111
2023-01-18 15:00:00,259.68045813223949,1.9722084,1.3548867999999998,2.0821305833333335,2.0827741041666665,2.0477480000000003,49.056249500000007,0.033333333333333333,2.6363912916666665,35.511018518518519,35.216759259259256,569.28360388888882,6306.3637972066663,683.05620444444446,10.147001805555556,10.541315347222222
2023-01-18 16:00:00,259.50996669511596,1.9784059999999999,1.3516864000000002,2.0825469791666662,2.0831526458333331,2.0027900000000001,49.056249500000007,0.033333333333333333,0.038535541666666673,35.515648148148145,35.255370370370372,867.01661541666658,6573.2210682033337,685.52723597222212,10.068139097222224,10.620178055555554
2023-01-18 17:00:00,263.17243362876422,1.9810984000000003,1.3712444000000001,2.0837204583333331,2.0842504166666669,1.9615912,49.056249500000007,0.033333333333333333,2.6510030000000002,35.582129629629627,35.20092592592593,905.55419222222224,6916.7829773333333,686.92047715277772,10.120714236111111,9.9892763888888876
2023-01-18 18:00:00,268.89684700748347,1.9963384000000002,1.3707872000000001,2.0815249166666669,2.0840990000000001,1.919986,49.056249500000007,0.033333333333333333,2.5388411041666665,35.589166666666671,35.229722222222215,975.3476890972222,8096.759297581666,685.84268680555545,10.173289375,10.383589930555557
2023-01-18 19:00:00,270.81104762507317,1.9972528000000001,1.37795,2.0831147916666661,2.086143125,1.8771616,49.056249500000007,0.033333333333333333,0.038535541666666673,35.620370370370367,35.220370370370375,935.1539954166667,11636.142026611666,685.92154951388886,10.147001805555556,10.383589930555557
2023-01-18 20:00:00,271.26369048990648,2.0025360000000001,1.3801852000000001,2.0839097291666664,2.0816763333333337,1.8466308,49.056249500000007,0.050000000000000003,2.3244351041666662,35.639074074074074,35.201759259259262,1042.880455,11083.796990463332,685.76382409722214,10.278439652777777,10.383589930555557
2023-01-18 21:00:00,274.86400457104168,2.0037044000000002,1.3868400000000001,2.0818656041666666,2.0842504166666669,1.8110200000000001,49.056249500000007,0.033333333333333333,2.687759395833333,35.659259259259258,35.188240740740738,996.29888194444436,9931.2299490400001,684.4757331944445,10.278439652777777,10.278439652777777
2023-01-18 22:00:00,279.5969196105159,2.0125436000000003,1.3873479999999998,2.0832662083333333,2.0822062916666666,1.7674844000000001,49.056249500000007,0.033333333333333333,2.5932375416666664,35.682592592592599,35.218703703703703,938.62395458333322,10876.741473446666,685.00148458333331,10.357302361111113,10.777903472222224
2023-01-18 23:00:00,274.90873174269768,2.0133056000000003,1.4017752000000001,2.0814113541666668,2.0830390833333334,1.7222216000000001,49.056249500000007,0.033333333333333333,0.038459833333333332,35.766574074074079,35.190740740740736,891.96351881944452,12006.285230359999,684.16028236111106,10.120714236111111,10.252152083333334
2023-01-19 00:00:00,274.69337054450386,2.0276312000000001,1.4051280000000002,2.0839097291666664,2.0798971875000003,1.6774667999999999,47.530152009166663,0.033333333333333333,2.5245700833333329,35.628981481481489,35.275740740740737,892.22639451388898,11720.278417653333,685.71124895833339,10.278439652777777,10.488740208333333
2023-01-19 01:00:00,278.60846744329007,2.0261072000000002,1.4201648000000002,2.08091925,2.0823955624999999,1.6321023999999997,47.504285950000003,0.033333333333333333,2.5258571249999999,35.596759259259265,35.300277777777787,838.04771388888889,11745.650866656666,683.68710611111101,10.22586451388889,10.4098775
2023-01-19 02:00:00,277.20408670909325,2.0339304,1.4221967999999998,2.0857267291666668,2.0820927291666664,1.5860776000000001,47.504285950000003,0.066666666666666666,2.0879979791666665,35.455000000000005,35.353518518518527,849.40394388888888,11865.183582533333,684.18656993055549,10.383589930555557,10.094426666666667
2023-01-19 03:00:00,297.22100518068919,2.0326096000000002,1.4162024,2.0817898958333334,2.0831905000000002,1.5397988000000002,47.504285950000003,0.033333333333333333,0.40878714583333331,35.429537037037036,35.381574074074081,888.12553368055558,11839.881359276666,683.58195583333338,10.331014791666666,10.383589930555557
2023-01-19 04:00:00,293.87560201110199,2.0357592000000002,1.4087348,2.0828119583333335,2.0811085208333333,1.4924532000000001,47.504285950000003,0.10000000000000001,2.7212603333333334,35.448518518518519,35.374814814814826,852.21671381944441,11436.069440694999,684.23914506944448,10.041851527777778,10.541315347222222
2023-01-19 05:00:00,294.60382285094505,2.0334224000000001,1.4140688000000003,2.0828119583333335,2.0829633749999998,1.4453108000000001,47.504285950000003,0.033333333333333333,2.4260735416666668,35.455277777777781,35.37361111111111,846.56488638888891,10792.223937828332,684.3968704861112,10.173289375,10.22586451388889
2023-01-19 06:00:00,294.7705819963461,2.0445476000000005,1.4122908000000001,2.0860295625000003,2.0830012291666664,1.3955776,47.504285950000003,0.083333333333333329,1.9122410833333334,35.46509259259259,35.423796296296288,898.58798631944433,9790.6122358949997,685.23807270833333,10.252152083333334,10.278439652777777
2023-01-19 07:00:00,294.02804615624302,2.0389596000000001,1.4209776000000003,2.3504787708333335,2.3512737083333328,1.3402056000000002,47.504285950000003,0.083333333333333329,2.0692601666666666,35.501296296296303,35.39037037037037,895.56491583333332,10298.469544698333,684.65974618055554,10.094426666666667,10.22586451388889
2023-01-19 08:00:00,298.65920053786641,2.0385532,1.4201648000000002,2.3477911250000001,2.3525228958333333,1.2827,47.504285950000003,0.050000000000000003,2.3155393750000002,35.559444444444452,35.405277777777769,878.399132986111,10223.563591818332,684.42315805555552,10.252152083333334,10.646465625000003
2023-01-19 09:00:00,298.72349779868267,2.0428204000000001,1.425956,0.66649831249999991,0.44516499999999998,1.2512547999999999,47.504285950000003,0.033333333333333333,0.41537377083333332,35.612685185185185,35.43796296296297,917.72533687500004,9651.6176436366677,685.44837326388881,10.199576944444443,10.4098775
2023-01-19 10:00:00,293.81579790399309,2.0213828,1.4143736,0.63799412499999997,0.63644210416666658,1.2543536,47.504285950000003,0.050000000000000003,2.7964008541666665,35.577777777777776,35.479722222222215,906.86857069444443,9855.5294258166668,684.79118402777772,10.199576944444443,9.9892763888888876
2023-01-19 11:00:00,289.4318811582429,2.0090892,1.4044168000000004,0.29848010416666659,0.30824647916666664,1.2741656000000001,47.504285950000003,0.033333333333333333,2.620719666666667,35.67296296296297,35.552777777777777,896.19581749999998,9459.806777013333,685.05405972222229,10.147001805555556,9.962988819444444
2023-01-19 12:00:00,277.49445697874728,1.9926808,1.4104112000000002,0.29594387500000002,0.29484610416666668,1.3767815999999999,47.504285950000003,0.033333333333333333,2.0605537083333334,35.723611111111111,35.574814814814815,975.29511395833322,9529.4945038466667,684.7123213194443,10.22586451388889,10.015563958333333
2023-01-19 13:00:00,274.29610820469992,2.0063460000000002,1.4193520000000002,0.29704164583333337,0.29670095833333332,1.36398,47.504285950000003,0.033333333333333333,0.78819945833333338,35.615555555555552,35.714907407407409,883.57778416666667,9586.9773923449993,684.21285749999981,10.357302361111113,10.252152083333334
2023-01-19 14:00:00,240.25617372585256,2.0000975999999997,1.4505432000000003,0.29817727083333334,0.29950216666666668,1.35382,47.504285950000003,0.050000000000000003,2.6253378749999996,35.57555555555556,35.630925925925929,919.2500159027777,9875.2322784499993,684.55459590277781,10.278439652777777,10.094426666666667
2023-01-19 15:00:00,256.65604789121954,2.0074128,1.4559279999999999,0.29904791666666664,0.29689022916666669,1.34493,47.504285950000003,0.033333333333333333,2.6070543124999999,35.396574074074074,35.544629629629632,866.67487701388882,9613.9052850033331,683.05620444444446,10.331014791666666,10.120714236111111
2023-01-19 16:00:00,269.78940476514089,1.9853148,1.4180311999999999,0.29957787499999999,0.29821512499999997,1.3361923999999998,47.504285950000003,0.050000000000000003,2.2150744166666665,35.531944444444441,35.43555555555556,884.99731291666671,9125.0233693849987,684.23914506944448,10.252152083333334,10.278439652777777
2023-01-19 17:00:00,271.27938155800894,1.9665188000000002,1.3820648000000002,0.29972929166666668,0.29817727083333334,1.3280644000000001,47.504285950000003,0.033333333333333333,0.42866058333333334,35.603148148148151,35.40768518518518,901.13788055555563,8775.8281094316662,683.31908013888892,10.199576944444443,10.22586451388889
2023-01-19 18:00:00,267.4778728420996,1.9516852,1.3616432000000001,0.29700379166666663,0.29885864583333333,1.3196824000000003,47.504285950000003,0.033333333333333333,2.9029981874999997,35.561203703703704,35.4487037037037,895.09173958333326,9071.688330633333,683.63453097222225,10.120714236111111,10.4098775
2023-01-19 19:00:00,265.03318482741741,1.9529551999999999,1.3504672000000002,0.30131916666666664,0.28909227083333339,1.312926,47.504285950000003,0.050000000000000003,2.5883922083333331,35.66379629629629,35.517129629629636,881.86909215277785,8639.0136301716666,682.60931576388884,10.278439652777777,10.22586451388889
2023-01-19 20:00:00,254.80407264272128,1.9398488000000003,1.3487908000000002,0.29965358333333331,0.29942645833333326,1.3066268000000001,47.504285950000003,0.050000000000000003,2.185851,35.71453703703704,35.533333333333339,886.99516819444443,8466.5581686366677,684.00255694444445,10.068139097222224,10.252152083333334
2023-01-19 21:00:00,251.92181730547057,1.9511772000000003,1.3462000000000001,0.29848010416666659,0.29560318750000003,1.3003276000000001,47.504285950000003,0.050000000000000003,0.58034222916666667,35.602037037037036,35.672037037037036,855.45008486111112,8667.9803348299993,683.02991687499991,10.173289375,10.120714236111111
2023-01-19 22:00:00,244.64900745374624,1.9442684000000001,1.3563600000000002,0.29817727083333334,0.29931289583333331,1.2926568000000003,47.504285950000003,0.050000000000000003,2.5701086458333333,35.59185185185185,35.719907407407412,876.21726472222224,8839.432530959999,682.84590388888887,10.357302361111113,10.383589930555557
2023-01-19 23:00:00,236.35697910193377,1.9534123999999999,1.3549884000000001,0.29935075,0.29791229166666666,1.2864084,47.504285950000003,0.050000000000000003,2.5805563958333333,35.417500000000004,35.723703703703706,841.28108493055538,8683.2595317599989,682.74075361111102,10.094426666666667,9.9892763888888876
2023-01-20 00:00:00,243.1833034794609,1.9445223999999999,1.3491972000000001,0.30022139583333335,0.29810156249999997,1.2783312,24.722322375833336,0.033333333333333333,2.5860073958333332,35.56055555555556,35.592499999999994,853.71510527777775,9068.126922505,682.60931576388884,10.331014791666666,10.015563958333333
2023-01-20 01:00:00,237.09799187868063,1.9405092000000002,1.3408660000000001,0.29314266666666666,0.29302910416666667,1.2687808,24.336187400000004,0.050000000000000003,2.38344975,35.596111111111114,35.48833333333333,838.20543930555561,9740.5930983266662,683.02991687499991,10.22586451388889,10.357302361111113
2023-01-20 02:00:00,235.00846093305171,1.9373088000000001,1.3344652000000001,0.3009784791666667,0.29859366666666665,1.2625832000000001,24.336187400000004,0.050000000000000003,0.44823118750000002,35.688981481481484,35.387314814814815,803.32183465277762,9920.0660374983327,680.97948645833333,10.147001805555556,9.8578385416666663
2023-01-20 03:00:00,232.40676178054647,1.9332956000000001,1.3317727999999998,0.29586816666666665,0.29851795833333333,1.2546584000000001,24.336187400000004,0.050000000000000003,2.0353806875,35.695555555555558,35.377592592592592,821.0396564583333,9859.710406258333,682.32015249999995,10.331014791666666,9.8841261111111098
2023-01-20 04:00:00,233.53625430098162,1.9198336,1.3288264000000001,0.30086491666666665,0.29923718749999995,1.2472416,24.336187400000004,0.050000000000000003,2.732086625,35.562685185185195,35.479814814814816,835.4189569444444,9875.1283556716662,682.39901520833325,10.147001805555556,9.962988819444444
2023-01-20 05:00:00,228.83714263704158,1.9233388,1.3211556000000002,0.30018354166666661,0.29791229166666666,1.2388596000000001,24.336187400000004,0.033333333333333333,2.3802699999999994,35.498981481481486,35.592407407407407,860.65502361111101,9668.1416485600002,682.39901520833325,10.252152083333334,10.383589930555557
2023-01-20 06:00:00,231.8222062048973,1.9077432000000003,1.3284708000000001,0.29919933333333337,0.30116775000000001,1.2317984,24.336187400000004,0.050000000000000003,1.9904856458333335,35.430555555555557,35.640555555555558,815.9135804166666,9541.5917382149983,681.82068868055558,10.120714236111111,10.646465625000003
2023-01-20 07:00:00,236.2465676005292,1.9060159999999999,1.3030200000000001,0.29859366666666665,0.29692808333333331,1.2198604,24.336187400000004,0.033333333333333333,0.75356289583333325,35.36888888888889,35.738611111111112,899.27146312499985,8694.4237264699987,682.26757736111108,10.120714236111111,9.9892763888888876
2023-01-20 08:00:00,225.42958304702032,1.8991072000000002,1.3222732000000001,0.2969659375,0.29586816666666665,1.2148312000000001,24.336187400000004,0.083333333333333329,2.2258628541666665,35.481388888888894,35.614814814814807,892.67328319444437,9459.4253492683329,681.82068868055558,10.22586451388889,10.4098775
2023-01-20 09:00:00,236.44084230632583,1.9166332000000001,1.3277088000000001,1.6311360416666669,1.1141995416666666,1.3148564,24.336187400000004,0.033333333333333333,2.6840875416666665,35.516944444444441,35.490740740740748,907.49947236111109,9392.053939401665,681.95212652777775,10.304727222222221,10.094426666666667
2023-01-20 10:00:00,251.98604622077789,1.9538696,1.3473684000000001,1.67300275,0.83570643749999995,1.2935204,24.336187400000004,0.050000000000000003,2.7703193333333336,35.590925925925923,35.399629629629629,889.04559861111113,9096.7481617966678,681.58410055555544,10.304727222222221,10.252152083333334
2023-01-20 11:00:00,271.71660192574541,1.9603212000000001,1.3482319999999999,1.6760689374999997,1.6204611666666664,1.4512544000000003,24.336187400000004,0.016666666666666666,2.1671888958333332,35.639259259259262,35.391018518518514,887.46834444444448,8968.6093939333332,681.61038812499999,10.331014791666666,10.383589930555557
2023-01-20 12:00:00,271.10135346260466,1.9763232000000002,1.3415771999999999,1.6740248125000001,1.6750847291666666,1.6009112000000001,24.336187400000004,0.050000000000000003,0.57091654166666661,35.615185185185183,35.466944444444451,895.80150395833334,9122.0520840633326,681.68925083333329,10.304727222222221,10.383589930555557
2023-01-20 13:00:00,275.58952901405434,1.9617436000000001,1.3532104,1.6756525416666668,1.6734569999999998,1.5602712000000001,24.336187400000004,0.033333333333333333,2.9204868124999996,35.696111111111115,35.447685185185193,826.92807201388882,9081.6782262650013,680.48002263888895,10.173289375,10.252152083333334
2023-01-20 14:00:00,283.05598492938026,1.9593052000000002,1.3250164,0.688870125,1.6341265208333333,1.7528032,24.336187400000004,0.033333333333333333,2.7726284374999999,35.52796296296296,35.455925925925925,713.91781097222213,8732.8267326683326,680.34858479166667,10.22586451388889,10.4098775
2023-01-20 15:00:00,275.93202919767691,1.9720051999999999,1.3409676000000004,0.43842695833333328,0.43380874999999997,1.9279108,24.336187400000004,0.033333333333333333,2.6991913541666661,35.63342592592592,35.483888888888899,729.03316340277775,7903.806979406666,680.95319888888901,10.252152083333334,10.22586451388889
2023-01-20 16:00:00,276.42594591139061,1.9788632000000002,1.3533628000000002,0.43683708333333332,0.43626927083333333,1.9167348000000002,24.336187400000004,0.050000000000000003,0.54975606249999998,35.70425925925926,35.530462962962957,686.92047715277772,8544.1610167233339,680.45373506944441,10.331014791666666,10.383589930555557
2023-01-20 17:00:00,269.8828786433009,1.9789140000000003,1.3519911999999998,0.43846481249999997,0.43653424999999996,1.9054063999999999,24.336187400000004,0.033333333333333333,1.9480511249999999,35.677314814814814,35.592407407407407,776.79767708333327,10616.969923654999,681.05834916666663,10.278439652777777,10.383589930555557
2023-01-20 18:00:00,267.72103197615087,1.9840448000000002,1.366266,0.43819983333333329,0.43638283333333333,1.8967196,24.336187400000004,0.033333333333333333,2.6698543749999999,35.740555555555559,35.680925925925926,686.05298736111115,8407.4830246000001,680.16457180555551,10.173289375,10.4098775
2023-01-20 19:00:00,256.92547789094033,1.9827748000000001,1.3764768000000001,0.43725347916666668,0.43596643749999997,1.8842228000000001,24.336187400000004,0.033333333333333333,2.5133273958333335,35.610648148148144,35.734907407407412,700.43228784722214,9162.7028804916663,680.0068463888889,10.252152083333334,10.357302361111113
2023-01-20 20:00:00,237.72955829081195,2.0017740000000002,1.3985748,0.43713991666666668,0.43551218749999998,1.8747232000000003,24.336187400000004,0.033333333333333333,2.3201197291666666,35.534351851851852,35.683425925925931,668.44031583333333,9274.2850790733337,680.58517291666658,10.199576944444443,10.015563958333333
2023-01-20 21:00:00,241.29626685462247,2.00406,1.4283944000000002,0.4368749375,0.43865408333333333,1.8639028000000002,24.336187400000004,0.033333333333333333,0.41862922916666662,35.476388888888891,35.505462962962966,641.5744198611111,10056.985005873332,679.24450687499996,10.331014791666666,10.383589930555557
2023-01-20 22:00:00,269.83731677918041,2.0072603999999998,1.4038071999999999,0.43729133333333331,0.43411158333333327,1.8536412000000002,24.336187400000004,0.033333333333333333,2.8821783958333329,35.310740740740748,35.448518518518519,640.917230625,12480.060115394999,680.03313395833322,10.094426666666667,10.357302361111113
2023-01-20 23:00:00,278.02432764370468,1.9778472,1.3645388000000001,0.4368749375,0.43380874999999997,1.8436844000000001,24.336187400000004,0.033333333333333333,2.542172270833333,35.490277777777777,35.397500000000008,581.03414743055555,12618.398323456666,678.35072951388884,10.199576944444443,9.8841261111111098
2023-01-21 00:00:00,273.82901919019321,1.9645884,1.3470636,0.43698849999999995,0.43354377083333334,1.833626,15.340984761666668,0.033333333333333333,1.7950824374999999,35.512685185185184,35.438240740740738,564.76214194444447,12314.001143341666,679.3496571527777,10.331014791666666,10.357302361111113
2023-01-21 01:00:00,268.26403509076471,1.9577304000000002,1.3412216000000001,0.39353191666666665,0.4236638333333333,1.8243804000000001,15.188523700000001,0.033333333333333333,0.74553781249999995,35.530462962962957,35.478981481481476,576.61783576388882,12639.620374198334,678.61360520833318,10.094426666666667,10.278439652777777
2023-01-21 02:00:00,270.95201974037752,1.955292,1.3401548000000001,0.43679922916666664,0.4300611875,1.814576,15.188523700000001,0.050000000000000003,2.6406309583333334,35.598703703703698,35.508425925925927,509.26908284722219,12209.469836259999,679.11306902777767,10.199576944444443,9.962988819444444
2023-01-21 03:00:00,268.83075168438421,1.9517867999999998,1.3455903999999999,0.43899477083333333,0.43123466666666666,1.8043652000000001,15.188523700000001,0.033333333333333333,2.5611372083333332,35.594537037037036,35.529537037037038,483.00780097222224,11435.654032749999,678.35072951388884,10.199576944444443,10.278439652777777
2023-01-21 04:00:00,274.13820089007214,1.9623024000000002,1.3401548000000001,0.43562574999999998,0.43452797916666663,1.7952211999999999,15.188523700000001,0.050000000000000003,1.1098463125,35.637500000000003,35.605833333333337,487.94986402777772,10775.839818061666,680.7428983333333,10.173289375,10.620178055555554
2023-01-21 05:00:00,272.124303093425,1.9548856000000001,1.3518388000000001,0.44126602083333327,0.43854052083333328,1.7848580000000003,15.188523700000001,0.033333333333333333,1.6725106458333332,35.721388888888896,35.573703703703707,509.68968395833326,10008.037943615,676.48431208333329,10.147001805555556,10.383589930555557
2023-01-21 06:00:00,277.06435728368314,1.9685508,1.3479272000000002,0.43600429166666665,0.43854052083333328,1.7755107999999999,15.188523700000001,0.050000000000000003,2.3094070000000002,35.658703703703708,35.653518518518517,463.68643743055549,10052.041736278334,677.90384083333333,10.173289375,10.278439652777777
2023-01-21 07:00:00,268.76520734173295,1.9658076000000002,1.354328,0.43577716666666666,0.43290024999999999,1.7638267999999999,15.188523700000001,0.033333333333333333,2.6178048958333333,35.76203703703704,35.677407407407401,488.68591597222223,9579.3380770483309,678.27186680555542,10.331014791666666,10.252152083333334
2023-01-21 08:00:00,256.79232056751727,1.9762724000000003,1.3696696000000002,0.43672352083333332,0.43244599999999994,1.7530064000000001,15.188523700000001,0.050000000000000003,0.79607312500000005,35.671481481481486,35.734259259259261,513.60653180555551,9822.4831149799993,678.92905604166663,10.120714236111111,9.8578385416666663
2023-01-21 09:00:00,246.08712782228542,1.9975576000000004,1.4023848000000001,0.43486866666666663,0.43649639583333333,1.7440655999999999,15.188523700000001,0.033333333333333333,1.869314458333333,35.519537037037033,35.629814814814821,658.76649027777773,10079.591183428332,679.82283340277775,10.331014791666666,10.22586451388889
2023-01-21 10:00:00,261.1974579566625,2.0141184000000001,1.416558,0.43358162499999997,0.43963829166666663,1.7333976000000002,15.188523700000001,0.050000000000000003,2.581919145833333,35.465277777777786,35.519907407407402,657.39953666666668,9808.7936250733328,679.74397069444444,10.383589930555557,10.252152083333334
