timestamp,hsw_m3_h,ps_on_fraction,twas_m3_h
2023-01-21 11:00:00,0.87371202083333321,0.033333333333333333,2.5590173749999998
2023-01-21 12:00:00,0.8670118333333332,0.050000000000000003,0.036188583333333336
2023-01-21 13:00:00,0.87170574999999995,0.033333333333333333,2.4867159166666664
2023-01-21 14:00:00,0.86757964583333336,0.033333333333333333,2.5185134166666665
2023-01-21 15:00:00,0.87238712499999993,0.033333333333333333,2.5938810624999999
2023-01-21 16:00:00,0.87492335416666656,0.050000000000000003,0.61793141666666662
2023-01-21 17:00:00,0.87333347916666659,0.033333333333333333,2.0702065208333331
2023-01-21 18:00:00,0.87984439583333329,0.050000000000000003,2.8506080208333331
2023-01-21 19:00:00,0.86935879166666663,0.033333333333333333,2.4637005833333334
2023-01-21 20:00:00,0.87132720833333321,0.050000000000000003,2.2090177499999997
2023-01-21 21:00:00,0.87250068749999998,0.033333333333333333,0.57943372916666658
2023-01-21 22:00:00,0.87761099999999992,0.033333333333333333,2.8252457291666668
2023-01-21 23:00:00,0.86511912499999999,0.033333333333333333,2.5763545833333334
2023-01-22 00:00:00,0.87333347916666659,0.033333333333333333,2.4728234374999998
2023-01-22 01:00:00,0.86981304166666662,0.033333333333333333,1.1240037708333335
2023-01-22 02:00:00,0.87586970833333333,0.050000000000000003,1.5241601666666666
2023-01-22 03:00:00,0.75579629166666662,0.033333333333333333,2.6863209374999997
2023-01-22 04:00:00,0.87185716666666668,0.050000000000000003,2.7624078124999998
2023-01-22 05:00:00,0.87181931249999989,0.033333333333333333,0.60737010416666659
2023-01-22 06:00:00,0.86841243749999997,0.050000000000000003,2.0719478124999999
2023-01-22 07:00:00,0.8717814583333332,0.033333333333333333,2.5966065625000003
2023-01-22 08:00:00,0.87022943750000004,0.050000000000000003,2.6496781041666666
2023-01-22 09:00:00,0.87174360416666663,0.033333333333333333,0.9186449166666667
2023-01-22 10:00:00,0.87446910416666657,0.050000000000000003,1.8729106041666663
